# INDEX_PACK v1
# BUILT: 2025-08-27T20:38:01Z
# ROOT: C:/Users/user/Documents/~GIT/hot_cold_rain
# STATS: 136 IDs, 152 files, 85 warnings

# ID->PATH (MIN)
ANTH:MIG-WID-001  canon/constants/anthropology/widiwidi_peopling.md
ANTH:ORIGINS-001  canon/constants/anthropology/human_origins_migrations.md
ANTH:PHEN-001 canon/constants/anthropology/human_phenotypes.md
BIO:FA-CRAB-001 canon/constants/biota/pack_crab.md
BIO:FA-CRAB-BELLBACK-001  canon/constants/biota/past_mutation_day/crab_bellback_drum.md
BIO:FA-DUET-SONGBIRD-001  canon/constants/biota/sapir_karodot.md
BIO:FA-DUET-SONGBIRD-MIST-001 canon/constants/biota/past_mutation_day/fduet_songbird_mist_line.md
BIO:FA-GLIDE-RODENT-001 canon/constants/biota/sailback.md
BIO:FA-GLIDE-RODENT-RAIN-001  canon/constants/biota/past_mutation_day/glide_rodent_rain_sailer.md
BIO:FA-GOBY-STEP-001  canon/constants/biota/past_mutation_day/goby_sprat_hopper.md
BIO:FA-MANGROVE-EEL-001 canon/constants/biota/mudsnake.md
BIO:FA-MANGROVE-EEL-STEP-001  canon/constants/biota/past_mutation_day/mangrove_eel_steppers.md
BIO:FA-MANTID-QUAY-001  canon/constants/biota/past_mutation_day/mantid_reed.md
BIO:FA-SHREW-DOCK-001 canon/constants/biota/past_mutation_day/shrew_dock.md
BIO:FA-TIDE-LIZARD-001  canon/constants/biota/boru_boru.md
BIO:FA-WATERFOWL-ROOF-001 canon/constants/biota/roof_goose.md
BIO:FA-WATERFOWL-ROOF-BELL-001  canon/constants/biota/past_mutation_day/roof_goose_bell_flock.md
BIO:FL-GRASS-001  canon/constants/biota/spit_grass.md
BIO:FL-PHOTIC-MOSS-001  canon/constants/biota/photic_moss.md
BIO:FL-SKINGRASS-001  canon/constants/biota/skin_grass.md
BIO:FL-TUBE-BAMBOO-001  canon/constants/biota/tubular_bamboo.md
BIO:FL-VINE-PALM-001  canon/constants/biota/vine_palm.md
CLIM:BRIGHT-SEA canon/constants/climate/bright_sea_climate_old_song_green_rains.md
CO:BAT-001  canon/constants/anthropology/past_mutation_day/bat.md
CO:DIA-BAT-QUAY canon/constants/anthropology/past_mutation_day/bat_quay.md
CO:DIA-BAT-TOWER  canon/constants/anthropology/past_mutation_day/bat_tower.md
CO:DIA-FOX-COLD canon/constants/anthropology/past_mutation_day/fox_cold.md
CO:DIA-FOX-LONGFOOT canon/constants/anthropology/past_mutation_day/fox_longfoot.md
CO:DIA-OTT-COLD canon/constants/anthropology/past_mutation_day/otter_cold.md
CO:DIA-OTT-REEDCAT  canon/constants/anthropology/past_mutation_day/otter_reedcat.md
CO:FOX-001  canon/constants/anthropology/past_mutation_day/fox.md
CO:INDEX  canon/constants/anthropology/past_mutation_day/index.md
CO:OTT-001  canon/constants/anthropology/past_mutation_day/otter.md
COS:BEA-001 canon/constants/cosmos/bean.md
COS:BEL-001 canon/constants/cosmos/belts.md
COS:HEX-001 canon/constants/cosmos/moon_hex.md
COS:INDEX-001 canon/constants/cosmos/index.md
COS:KAR-001 canon/constants/cosmos/karodot.md
COS:OBE-001 canon/constants/cosmos/oboe.md
COS:SYS-001 canon/constants/cosmos/overview.md
COS:ZE-001  canon/constants/cosmos/ze.md
DOC:AAR-PINE-PASS-1057  canon/notes/diegetic/aar_pine_pass_shelf_1057.md
DOC:IWTA-EP7-BOM-0518 canon/notes/diegetic/interview_with_the_ancestors_ep7_battle_of_mistakes.md
DOC:KIDS-SKY-1792 canon/notes/diegetic/book_childrens_sky.md
DOC:KRUM-PAMPHLET-1783  canon/notes/diegetic/pamphlet_cuzhar_krum.md
DOC:MANUMISSION-771-ORD canon/notes/diegetic/extract_manumission.md
DOC:PILOT-ERRATA-1203 canon/notes/diegetic/pilot_errata_leaf_annotated_1203.md
DOC:RCR-0762  canon/notes/diegetic/report_reed_camp_rising.md
DOC:WATCH-CIRC-1198 canon/notes/diegetic/watch_circular_blue_papers_1198.md
DOC:ZAM-ERA-EXTRACTS-700  canon/notes/diegetic/zambran_era_extracts.md
ECON:FOOD-LOG-1803  canon/endpoint/goalpost/economy/food_logistics_c1800.md
ECON:SUPPLY-001 canon/endpoint/goalpost/economy/global_supply_links_c1800.md
ENE:GRID-1803 canon/endpoint/goalpost/energy/power_grid_c1800.md
ERA-00  canon/eras/00_preord_krum.md
ERA-01  canon/eras/01_early_ord_300_700.md
ERA-02  canon/eras/02_zambranic_700_800.md
ERA-03  canon/eras/03_marrite_747_783.md
ERA-04  canon/eras/04_pax_ordica_790_860.md
ERA-05  canon/eras/05_golden_cadence_apex_860_1050.md
ERA-06  canon/eras/06_middle_cadence_disjunction_1050_1200.md
ERA-07  canon/eras/07_mangrove_garrot_1200_1290.md
ERA-08  canon/eras/08_knotted_lanterns_1290_1400.md
ERA-09  canon/eras/09_pamphlet_wars_1400_1503.md
GEO:BIOMES-SEA-001  canon/constants/planetology/biomes_oceans.md
GEO:CLIMATE-001 canon/constants/planetology/climatology_zones.md
GEO:SYS-001 canon/constants/planetology/point.md
GEO:TECTONICS-001 canon/constants/planetology/geology_tectonics.md
GEO:TEK-001 canon/constants/planetology/geology.md
GEO:WAT-001 canon/constants/planetology/hydrology.md
HEALTH:PUB-001  canon/endpoint/goalpost/health/public_health_c1800.md
HEALTH:SYSTEMS-1803 canon/endpoint/goalpost/health/healthcare_landscape_c1800.md
IND:LAYOUT-1803 canon/endpoint/goalpost/industry/locations_layout_c1800.md
INDEX:GLOSSARY  canon/01_glossary.md
INDEX:MASTER  canon/00_master_index.md
INFRA:COAST-STORM-1803  canon/endpoint/goalpost/infrastructure/coastal_storms_resilience_c1800.md
INFRA:WASTE-1803  canon/endpoint/goalpost/infrastructure/waste_management_c1800.md
INFRA:WATER-001 canon/endpoint/goalpost/infrastructure/water_and_sewer_c1800.md
MET:IDX-001 canon/constants/civilization/metrology/index.md
NOTE:THEMES-001 canon/notes/scratchpad/world_themes.md
REG:BRI-001 canon/constants/region_geography/bright_sea.md
REG:KAH-UP  canon/constants/region_geography/kahet_uplands_pass_country.md
REG:KLR-ARC canon/constants/region_geography/kllrian_arc.md
REG:ORD-BAY canon/constants/region_geography/ord_bay.md
REG:ORD-MARSH canon/constants/region_geography/ord_iron_marshes.md
REG:ORD-NORTH canon/constants/region_geography/ord_north_shelf.md
REG:ORD-SOUTH canon/constants/region_geography/ord_south_riverine_belt.md
REG:ORD-WEST  canon/constants/region_geography/ord_west_peninsulas.md
REG:SAR-LIT canon/constants/region_geography/sar_littoral_belt.md
REG:WID-LEE canon/constants/region_geography/widiwidi_lee_arcs.md
SEC:LONG-PATROL-1770-1800 canon/endpoint/goalpost/security/longara_marine_patrol_doctrine_c1800.md
SEC:NAV-001 canon/endpoint/goalpost/security/piracy_and_navies_c1800.md
SNAP:DECLINE-MECH-1050  canon/snapshots/watershed_moments/decline_mechanics_c1050_1120.md
SNAP:ECON-1503  canon/snapshots/economy/economy_c1503.md
SNAP:KNOWN-1215 canon/snapshots/known_world/known_world_c1215.md
SNAP:KNOWN-1503 canon/snapshots/known_world/known_world_c1503.md
SNAP:LEX-0  canon/snapshots/lexicon_drift/lexicon_drift_c0.md
SNAP:LEXICON-1200 canon/snapshots/lexicon_drift/lexicon_drift_c1200.md
SNAP:LEXICON-1503 canon/snapshots/lexicon_drift/lexicon_drift_c1503.md
SNAP:LEXICON-950  canon/snapshots/lexicon_drift/lexicon_drift_c0950.md
SNAP:MAP-EXPANSION-0860-1050  canon/notes/maps/expansion_routes_cadence_c860_1050.md
SNAP:MIL-1120 canon/snapshots/watershed_moments/mil_response_second_hammer_1120.md
SNAP:NO-EMPIRE-1200 canon/snapshots/watershed_moments/empire_no_more_c1200.md
SNAP:NORTHLANDS-0-1400  canon/snapshots/misc_info/northlands_c0_1400.md
SNAP:PEAK-950 canon/snapshots/watershed_moments/empire_at_its_peak_c0950.md
SNAP:PRE-EMP-0  canon/snapshots/watershed_moments/pre_empire_c0.md
SNAP:SNAP-1100  canon/snapshots/watershed_moments/empire_snapped_c1100.md
SNAP:SOC-CULT-1503  canon/snapshots/social_and_cultural/social_and_cultural_c1503.md
SNAP:SOCIETY-GREEN-1503 canon/snapshots/watershed_moments/societal_ramifications_green_skies_c1503_1530.md
SNAP:SPECIAL-BIOTA-MUTATION-OVERVIEW-1503 canon/snapshots/special/mutation_day_flora_fauna_overview.md
SNAP:SPECIAL-COTYPES-BIO-LAW-1503 canon/snapshots/special/co_types_biology_and_law.md
SNAP:SPECIAL-COTYPES-TYPES-BIOMES-1503  canon/snapshots/special/co_types_types_and_biomes.md
SNAP:SPECIAL-MUTATION-MECHANISM-1503  canon/snapshots/special/mutation_day_mechanism.md
SNAP:TECH-1503  canon/snapshots/tech/tech_level_c1503.md
SNAP:VISUAL-0 canon/snapshots/visual_life/visual_life_c0.md
SNAP:VISUAL-1200  canon/snapshots/visual_life/visual_life_c1200.md
SNAP:VISUAL-1503  canon/snapshots/visual_life/visual_life_c1503.md
SNAP:VISUAL-950 canon/snapshots/visual_life/visual_life_c0950.md
SNAP:WORLD-0  canon/snapshots/known_world/known_world_c0.md
SNAP:WORLD-1200 canon/snapshots/known_world/known_world_c1200.md
SNAP:WORLD-950  canon/snapshots/known_world/known_world_c0950.md
SYS:AGRO-DIET-1800  canon/endpoint/goalpost/agriculture/agriculture_diet_c1800.md
SYS:CUISINE-URB-1800  canon/endpoint/goalpost/agriculture/cuisine_urban_c1800.md
SYS:ECON-CUR  canon/endpoint/goalpost/economy/currency_finance_c1800.md
SYS:MAPPING-CITIES-C1803  canon/endpoint/goalpost/mapping/canon_systems_mapping_cities_c1803.md
SYS:MET-CAL canon/constants/civilization/metrology/calendar_base6.md
TECH:CLO-000  canon/endpoint/goalpost/tech/clothing_and_textiles_c1800.md
TECH:RAIN-GEAR-1803 canon/endpoint/goalpost/tech/rain_gear_umbrellas_c1800.md
TECH:TV-COLOR-STD canon/endpoint/goalpost/tech/broadcast_color_standard_c1770_1810.md
TRANS:FLOOD-MODES-1803  canon/endpoint/goalpost/transport/resilient_transit_flood_cities_c1800.md
TRANS:IDX-001 canon/endpoint/goalpost/transport/transport_index_c1800.md
TRANS:NAV-001 canon/constants/civilization/navigation_currents.md
TRANS:ROAD-1803 canon/endpoint/goalpost/transport/road_surfaces_c1800.md
TRANS:URBAN-VEHICLES-1803 canon/endpoint/goalpost/transport/urban_vehicles_logistics_c1800.md
URB:ARCH-COAST-1803 canon/endpoint/goalpost/urbanism/architecture_coastal_patterns_c1800.md
URB:FORM-001  canon/endpoint/goalpost/urbanism/building_heights_density_c1800.md
WEL:PENSIONS-1803 canon/endpoint/goalpost/welfare/pensions_mutual_aid_c1800.md

# WARNINGS (OPTIONAL)
CRLF  canon/constants/anthropology/human_origins_migrations.md
CRLF  canon/constants/anthropology/past_mutation_day/bat_quay.md
CRLF  canon/constants/anthropology/past_mutation_day/bat_tower.md
CRLF  canon/constants/anthropology/past_mutation_day/fox_cold.md
CRLF  canon/constants/anthropology/past_mutation_day/fox_longfoot.md
CRLF  canon/constants/anthropology/past_mutation_day/index.md
CRLF  canon/constants/anthropology/past_mutation_day/otter_cold.md
CRLF  canon/constants/anthropology/past_mutation_day/otter_reedcat.md
CRLF  canon/constants/anthropology/widiwidi_peopling.md
CRLF  canon/constants/biota/boru_boru.md
CRLF  canon/constants/biota/mudsnake.md
CRLF  canon/constants/biota/past_mutation_day/crab_bellback_drum.md
CRLF  canon/constants/biota/past_mutation_day/fduet_songbird_mist_line.md
CRLF  canon/constants/biota/past_mutation_day/glide_rodent_rain_sailer.md
CRLF  canon/constants/biota/past_mutation_day/goby_sprat_hopper.md
CRLF  canon/constants/biota/past_mutation_day/mangrove_eel_steppers.md
CRLF  canon/constants/biota/past_mutation_day/mantid_reed.md
CRLF  canon/constants/biota/past_mutation_day/roof_goose_bell_flock.md
CRLF  canon/constants/biota/past_mutation_day/shrew_dock.md
CRLF  canon/constants/biota/photic_moss.md
CRLF  canon/constants/biota/sapir_karodot.md
CRLF  canon/constants/civilization/navigation_currents.md
CRLF  canon/constants/planetology/biomes_oceans.md
CRLF  canon/constants/planetology/climatology_zones.md
CRLF  canon/constants/region_geography/bright_sea.md
CRLF  canon/constants/region_geography/kahet_uplands_pass_country.md
CRLF  canon/constants/region_geography/kllrian_arc.md
CRLF  canon/constants/region_geography/ord_bay.md
CRLF  canon/constants/region_geography/ord_iron_marshes.md
CRLF  canon/constants/region_geography/ord_north_shelf.md
CRLF  canon/constants/region_geography/ord_south_riverine_belt.md
CRLF  canon/constants/region_geography/ord_west_peninsulas.md
CRLF  canon/constants/region_geography/sar_littoral_belt.md
CRLF  canon/constants/region_geography/widiwidi_lee_arcs.md
CRLF  canon/endpoint/goalpost/agriculture/agriculture_diet_c1800.md
CRLF  canon/endpoint/goalpost/agriculture/cuisine_urban_c1800.md
CRLF  canon/endpoint/goalpost/security/longara_marine_patrol_doctrine_c1800.md
CRLF  canon/endpoint/goalpost/tech/broadcast_color_standard_c1770_1810.md
CRLF  canon/eras/06_middle_cadence_disjunction_1050_1200.md
CRLF  canon/eras/07_mangrove_garrot_1200_1290.md
CRLF  canon/eras/08_knotted_lanterns_1290_1400.md
CRLF  canon/eras/09_pamphlet_wars_1400_1503.md
CRLF  canon/notes/diegetic/book_childrens_sky.md
CRLF  canon/notes/diegetic/interview_with_the_ancestors_ep7_battle_of_mistakes.md
CRLF  canon/notes/diegetic/pamphlet_cuzhar_krum.md
CRLF  canon/notes/diegetic/pilot_errata_leaf_annotated_1203.md
CRLF  canon/notes/diegetic/watch_circular_blue_papers_1198.md
CRLF  canon/notes/diegetic/zambran_era_extracts.md
CRLF  canon/notes/maps/expansion_routes_cadence_c860_1050.md
CRLF  canon/notes/scratchpad/world_themes.md
CRLF  canon/snapshots/economy/economy_c1503.md
CRLF  canon/snapshots/known_world/known_world_c0.md
CRLF  canon/snapshots/known_world/known_world_c0950.md
CRLF  canon/snapshots/known_world/known_world_c1200.md
CRLF  canon/snapshots/known_world/known_world_c1215.md
CRLF  canon/snapshots/known_world/known_world_c1503.md
CRLF  canon/snapshots/lexicon_drift/lexicon_drift_c1503.md
CRLF  canon/snapshots/misc_info/northlands_c0_1400.md
CRLF  canon/snapshots/social_and_cultural/social_and_cultural_c1503.md
CRLF  canon/snapshots/special/co_types_biology_and_law.md
CRLF  canon/snapshots/special/co_types_types_and_biomes.md
CRLF  canon/snapshots/special/mutation_day_flora_fauna_overview.md
CRLF  canon/snapshots/special/mutation_day_mechanism.md
CRLF  canon/snapshots/tech/tech_level_c1503.md
CRLF  canon/snapshots/visual_life/visual_life_c1503.md
CRLF  canon/snapshots/watershed_moments/empire_at_its_peak_c0950.md
CRLF  canon/snapshots/watershed_moments/pre_empire_c0.md
CRLF  canon/snapshots/watershed_moments/societal_ramifications_green_skies_c1503_1530.md
MISSING_ID  README.md
MISSING_ID  canon/02_style_guide.md
MISSING_ID  canon/03_LLM_editing_workflow.md
MISSING_ID  canon/03_LLM_linking_policy.md
MISSING_ID  canon/notes/diegetic/amnesty_leaf_kllrian_1301.md
MISSING_ID  canon/notes/diegetic/morum_exchange_ordinance_1296.md
MISSING_ID  tools/_systems_index.md
MISSING_ID  tools/current_prompt.md
MISSING_ID  tools/index_pack.md
MISSING_ID  tools/new_index/index_pack.md
MISSING_ID  tools/rename_and_fix_script/readme.md
MISSING_ID  tools/reports/link_summary_2025-08-27-235213.md
MISSING_ID  tools/reports/link_summary_2025-08-27-235316.md
MISSING_ID  tools/reports/link_summary_2025-08-27-235607.md
MISSING_ID  tools/reports/link_summary_2025-08-28-004841.md
MISSING_ID  tools/template.md
THESIS_PATH canon/eras/00_preord_krum.md

